month,trip_count,temperature,temperature_change_since_prev_day
10,8744,12,-4
10,11191,11,-4
10,11185,11,-4
10,15647,18,2
10,18407,18,0
10,20597,19,1
10,9652,21,3
10,12845,21,3
10,11714,21,4
10,16236,20,-4
10,17231,20,-4
10,14519,20,-4
10,10600,16,-5
10,14217,16,-4
10,12545,16,-5
10,15929,18,-2
10,18009,18,-2
10,16485,18,-2
10,10196,17,1
10,13792,16,0
10,13280,16,1
10,16614,19,2
10,19031,20,2
10,17184,21,3
10,10236,17,0
10,13611,17,1
10,13218,17,1
10,16226,22,3
10,18721,23,3
10,19114,22,2
10,8739,17,0
10,11810,17,0
10,12197,17,-0
10,16392,23,1
10,19342,22,-1
10,20631,23,1
10,9954,17,0
10,13472,17,0
10,12620,17,0
10,15047,20,-1
10,17502,20,-1
10,15648,21,-0
10,10557,17,-0
10,14239,17,0
10,13493,17,0
10,16597,20,0
10,18668,20,0
10,17260,19,-1
10,10370,17,0
10,13894,17,0
10,13168,17,0
10,17848,24,4
10,20586,24,4
10,19675,24,4
10,9049,17,0
10,11983,18,1
10,11731,18,1
10,17058,25,1
10,20051,26,2
10,22099,24,0
10,9379,9,-3
10,12595,10,-2
10,11866,9,-3
10,14410,14,-1
10,16215,14,-2
10,14655,14,-1
10,10630,9,-0
10,14372,9,-1
10,13024,9,-0
10,15806,17,3
10,18691,18,3
10,16642,19,4
10,10666,14,6
10,14501,14,5
10,13822,14,5
10,17831,23,6
10,20406,23,6
10,18337,23,4
10,10310,17,3
10,13855,17,3
10,13678,16,2
10,18062,23,0
10,20887,23,-0
10,19423,22,-1
10,9300,18,1
10,11830,17,0
10,11652,17,2
10,17601,20,-3
10,20289,19,-4
10,21409,19,-3
10,9262,14,5
10,12373,14,5
10,11473,16,6
10,14233,22,8
10,15842,22,8
10,13495,22,7
10,10559,13,-1
10,14504,13,-1
10,13768,14,-1
10,15119,15,-7
10,17943,16,-7
10,18882,16,-6
10,10627,12,-1
10,14675,13,-0
10,14046,13,-1
10,15886,15,0
10,19610,16,0
10,18462,16,-1
10,10575,11,-2
10,14507,10,-3
10,14273,9,-4
10,17497,13,-2
10,20113,14,-2
10,19605,13,-2
10,9247,11,0
10,12520,9,-1
10,12193,8,-1
10,19298,13,-0
10,22702,13,-1
10,24728,13,-0
11,9240,12,-1
11,12504,12,-1
11,11751,12,-2
11,14223,14,-3
11,16023,14,-3
11,14326,14,-3
11,10251,10,-2
11,13995,11,-2
11,13031,11,-1
11,17568,11,-3
11,19851,11,-3
11,17556,11,-3
11,10826,6,-4
11,14859,6,-5
11,14049,5,-6
11,17493,10,-1
11,20330,11,-0
11,19149,10,-1
11,10759,4,-1
11,14819,4,-1
11,14386,4,-1
11,17783,9,-1
11,20474,10,-1
11,20719,9,-1
11,9410,6,1
11,12843,4,0
11,12772,4,1
11,18017,10,1
11,21256,10,0
11,22989,10,1
11,10310,8,3
11,12935,8,3
11,11625,8,2
11,15243,17,5
11,16542,17,6
11,14004,17,5
11,11081,10,2
11,14081,10,2
11,12806,11,3
11,17279,19,3
11,19399,19,2
11,16917,20,3
11,11216,14,4
11,14417,15,5
11,13384,14,3
11,17249,17,-2
11,20078,17,-2
11,18983,17,-3
11,10058,17,8
11,15337,17,9
11,16427,17,9
11,19982,15,1
11,23398,16,1
11,23753,16,1
11,10553,4,0
11,14050,4,1
11,13533,4,1
11,15885,8,0
11,18805,8,0
11,16388,8,0
11,11494,4,-1
11,15255,3,-1
11,14458,3,-2
11,16907,9,1
11,19664,9,1
11,18255,9,1
11,11597,4,0
11,15433,4,1
11,14540,4,1
11,17881,13,4
11,20893,13,4
11,19508,13,4
11,11136,14,10
11,15025,13,8
11,14495,13,9
11,17632,19,6
11,21322,20,7
11,20961,21,8
11,9496,8,-6
11,12910,7,-6
11,13229,6,-7
11,18215,9,-10
11,21760,8,-12
11,23800,8,-13
11,10298,12,5
11,13138,12,4
11,12216,10,3
11,15861,10,-2
11,17709,9,-3
11,16437,8,-4
11,10196,1,-11
11,13362,1,-11
11,13262,1,-9
11,14918,4,-6
11,16661,4,-5
11,16330,4,-4
11,7626,-1,-2
11,10105,-1,-2
11,11330,-1,-1
11,15157,6,1
11,15823,6,2
11,14873,7,2
11,9729,4,3
11,13219,4,3
11,11951,4,3
11,15665,3,-1
11,16882,5,1
11,14851,5,0
11,10752,0,-4
11,14709,0,-4
11,13874,-1,-4
11,17244,4,1
11,19568,3,-2
11,17119,4,-1
12,11076,5,5
12,15240,5,5
12,14175,5,6
12,17501,9,6
12,19855,9,6
12,17280,9,5
12,10652,9,4
12,14517,9,4
12,14035,10,5
12,18061,13,4
12,21451,14,5
12,19301,14,6
12,9848,8,-1
12,13109,7,-2
12,12980,7,-3
12,20452,8,-6
12,23941,8,-6
12,24798,7,-7
12,9633,8,3
12,13170,8,3
12,12959,9,4
12,16331,15,7
12,18060,14,6
12,17283,14,6
12,11494,4,-4
12,15385,4,-4
12,14723,3,-6
12,18791,4,-11
12,21786,5,-9
12,19761,5,-9
12,11678,3,-2
12,16104,3,-1
12,15364,3,0
12,19295,5,1
12,22343,5,0
12,22639,5,0
12,11355,1,-2
12,15572,1,-3
12,15849,0,-3
12,19357,3,-2
12,23402,3,-2
12,22844,3,-2
12,9627,4,4
12,13340,4,4
12,13614,4,4
12,20208,9,7
12,23677,9,7
12,24808,9,6
12,9805,4,-4
12,13296,5,-3
12,12720,4,-3
12,16056,10,2
12,18156,11,2
12,15957,11,2
12,10567,7,3
12,14588,7,2
12,13844,8,3
12,17540,11,1
12,20188,12,1
12,17604,11,0
12,10405,5,-2
12,14562,5,-2
12,13954,4,-3
12,17504,12,1
12,20927,11,-1
12,18380,11,0
12,9594,12,7
12,13413,13,8
12,13292,13,8
12,17159,16,4
12,19770,16,4
12,17757,17,6
12,7843,15,3
12,11056,15,2
12,11469,14,2
12,17341,14,-2
12,19234,14,-1
12,19192,14,-2
12,6795,-3,-10
12,9638,-3,-9
12,10607,-3,-9
12,13727,2,-1
12,14042,2,-2
12,12530,2,-1
12,6095,1,3
12,8582,0,3
12,9791,1,4
12,13616,6,3
12,13799,6,3
12,11375,6,3
12,5652,4,3
12,8043,4,4
12,9244,3,3
12,13604,8,2
12,13441,8,3
12,11865,7,2
12,4921,1,-3
12,6711,0,-4
12,8442,-1,-4
12,13210,2,-6
12,12816,2,-7
12,11035,2,-6
1,6496,2,-9
1,8353,1,-10
1,8147,1,-10
1,11412,-2,-16
1,11065,-2,-17
1,8760,-3,-16
1,11473,-1,1
1,12083,0,2
1,9672,1,3
1,8141,1,7
1,10703,1,7
1,9848,1,7
1,11086,6,7
1,11633,7,7
1,9930,8,7
1,7334,4,3
1,9607,4,3
1,9067,4,3
1,13004,3,-3
1,13989,3,-4
1,12079,3,-4
1,5378,-2,-6
1,8069,-2,-6
1,7952,-2,-6
1,13846,1,-2
1,15582,0,-3
1,16909,1,-3
1,8742,3,4
1,11623,2,2
1,9602,1,1
1,12392,-2,-5
1,13018,-2,-6
1,11095,-2,-6
1,10621,-5,3
1,13537,3,11
1,15089,3,11
1,12819,4,11
1,8932,2,8
1,11810,2,7
1,10068,2,7
1,13721,9,6
1,15386,9,6
1,13310,8,4
1,8006,4,3
1,10574,4,3
1,9349,4,2
1,15409,5,-4
1,17944,4,-4
1,19466,4,-4
1,9641,-1,-4
1,13390,-1,-6
1,11391,-1,-5
1,14032,2,-1
1,15633,2,0
1,12713,2,-1
1,9829,-1,-1
1,13368,-1,1
1,11237,0,1
1,14331,7,5
1,16341,9,7
1,13769,9,7
1,10841,7,8
1,15770,6,6
1,13398,4,4
1,15602,1,-7
1,18598,1,-8
1,16601,1,-8
1,9745,-1,3
1,13543,-1,3
1,11429,-1,3
1,13503,-1,-3
1,14388,-1,-3
1,12076,0,-2
1,10172,3,3
1,13323,3,3
1,11360,3,3
1,14563,5,6
1,16531,6,6
1,14302,6,6
1,10703,-4,-7
1,15041,-5,-8
1,12488,-5,-8
1,17044,-3,-8
1,19473,-3,-9
1,17190,-3,-9
1,16644,-2,2
1,19748,-1,2
1,18400,-1,3
1,9421,-1,7
1,12715,-1,7
1,11345,-1,7
1,16135,-1,1
1,18819,0,1
1,20589,0,1
1,13772,-1,4
1,15293,-1,3
1,13705,-1,3
2,10407,-4,2
2,14359,-4,2
2,13186,-4,2
2,15017,2,2
2,17496,2,3
2,15713,2,3
2,10142,1,5
2,12745,1,6
2,11961,1,6
2,15203,8,6
2,18080,8,6
2,16630,7,6
2,11581,6,5
2,15913,6,5
2,13876,7,6
2,16964,7,-1
2,19901,7,-1
2,19675,8,1
2,10320,13,7
2,15270,13,7
2,13016,13,6
2,20095,1,-7
2,23374,1,-6
2,23680,0,-8
2,10943,-1,7
2,15487,0,8
2,13887,0,8
2,15032,2,5
2,16575,3,4
2,13831,3,4
2,11448,2,3
2,15436,2,2
2,13067,2,2
2,16436,7,4
2,19246,7,4
2,16854,4,1
2,11560,-1,-3
2,15609,-1,-3
2,13776,-1,-3
2,16890,7,0
2,19959,8,1
2,18142,6,2
2,11279,4,6
2,15049,6,7
2,13322,5,6
2,17751,12,5
2,21383,11,3
2,19318,11,5
2,9728,7,2
2,12662,6,0
2,11671,6,1
2,18372,14,2
2,21431,13,2
2,23359,12,1
2,19125,-5,-4
2,22157,-5,-4
2,22850,-5,-4
2,16819,-3,2
2,20281,-2,3
2,18276,-2,3
2,11614,-2,7
2,15802,-1,7
2,14034,-1,8
2,17413,6,8
2,19802,6,8
2,18143,6,8
2,11101,11,12
2,14777,11,12
2,13029,12,12
2,16638,19,13
2,19643,20,14
2,17731,17,11
2,9448,14,4
2,12066,16,5
2,11384,17,5
2,16355,5,-14
2,19622,5,-15
2,22261,4,-13
2,9934,4,3
2,14132,3,3
2,12793,3,3
2,19170,12,1
2,21296,12,-0
2,18299,12,0
2,10539,16,12
2,14568,16,13
2,13162,16,13
2,16580,18,6
2,20116,19,7
2,19734,20,8
2,11658,0,-16
2,15674,-1,-17
2,14515,-1,-17
2,18632,0,-18
2,22340,0,-19
2,20824,1,-19
2,11101,-1,-1
2,16536,0,1
2,17135,0,1
2,18999,0,0
2,23083,1,1
2,24758,3,2
2,10930,-1,1
2,14997,-1,1
2,13962,-2,0
2,16131,0,-6
2,18410,1,-6
2,15629,1,-7
3,11878,0,1
3,16593,1,2
3,15173,1,2
3,17578,6,6
3,20511,6,5
3,18200,7,6
3,11729,7,7
3,16033,7,6
3,14753,6,6
3,17878,8,3
3,21123,9,3
3,19203,10,3
3,11412,8,1
3,15706,7,0
3,14868,7,1
3,19236,5,-3
3,22796,5,-4
3,22949,4,-6
3,19536,1,-4
3,22912,2,-3
3,24557,2,-2
3,10868,19,13
3,14112,18,12
3,12110,18,12
3,16336,23,8
3,17120,23,6
3,14232,23,4
3,12072,7,-12
3,16232,6,-13
3,15172,5,-13
3,18194,7,-16
3,20920,7,-16
3,19037,7,-16
3,12473,5,-2
3,17026,5,-1
3,19070,5,0
3,21527,1,-6
3,23753,1,-7
3,21448,1,-6
3,11581,1,-4
3,16078,1,-4
3,15341,1,-4
3,18085,8,7
3,21477,9,9
3,21645,9,8
3,9523,6,4
3,13383,5,4
3,12646,5,4
3,17957,12,4
3,18994,12,2
3,23287,11,1
3,9449,2,8
3,13247,2,7
3,12880,2,7
3,14626,12,12
3,15794,12,12
3,14465,13,13
3,10456,8,6
3,15086,8,7
3,14346,8,6
3,16183,19,7
3,18740,20,8
3,17212,19,6
3,10251,13,5
3,14817,13,4
3,14124,12,4
3,16648,18,-1
3,19635,18,-2
3,19386,16,-3
3,10370,8,-6
3,14797,7,-6
3,16357,7,-5
3,18261,10,-8
3,21520,10,-8
3,19845,11,-6
3,8449,11,3
3,11699,11,3
3,11888,11,3
3,17011,21,11
3,20272,22,12
3,22276,22,12
3,9431,7,-7
3,14233,7,-6
3,12845,7,-6
3,14388,15,2
3,15593,16,2
3,13614,16,3
3,10714,10,3
3,14902,9,2
3,13857,9,2
3,16901,12,-3
3,19268,13,-2
3,16968,14,-2
3,10798,6,-4
3,15369,6,-4
3,14615,6,-3
3,19131,9,-3
3,22504,8,-5
3,19923,7,-7
3,11311,4,-1
3,16545,4,-1
3,16434,4,-1
3,18882,7,-3
3,22098,7,-1
3,20470,7,0
3,8410,7,3
3,12181,7,3
3,12038,7,3
3,17927,15,8
3,21799,14,7
3,22605,13,6
3,11327,-4,-8
3,15500,-4,-9
3,14765,-5,-9
3,17857,-1,-8
3,19876,-2,-9
3,17477,-1,-6
3,12610,-4,0
3,17859,-4,1
3,16695,-4,1
3,20174,1,2
3,22863,1,3
3,20090,2,3
3,12302,-1,3
3,17572,-2,2
3,16165,-1,3
3,20214,6,5
3,22912,7,6
3,20387,7,6
3,11305,8,9
3,16007,8,10
3,15205,7,8
3,19516,16,10
3,22949,16,9
3,21157,19,12
4,9990,15,7
4,13822,14,7
4,13302,13,6
4,20615,13,-3
4,24743,12,-4
4,25318,11,-8
4,10390,4,-2
4,14332,4,-2
4,13388,4,-2
4,15841,12,5
4,17073,12,4
4,14506,12,3
4,11281,8,4
4,16004,8,3
4,15168,8,3
4,18346,12,0
4,20053,13,1
4,16591,12,0
4,12387,7,-2
4,17848,7,-1
4,19738,7,-1
4,19468,10,-2
4,21350,11,-2
4,17971,11,-1
4,11497,8,2
4,15977,8,1
4,15652,8,1
4,21731,9,-1
4,23986,10,-1
4,21877,11,-0
4,9304,10,2
4,13121,10,2
4,12932,9,2
4,18176,15,6
4,20531,17,7
4,20854,17,7
4,10508,5,-3
4,13992,5,-3
4,12852,5,-2
4,16205,14,6
4,17323,15,6
4,14323,16,6
4,11384,12,7
4,16496,10,5
4,18242,11,6
4,12781,19,5
4,13407,20,5
4,13063,22,7
4,11305,14,2
4,15421,13,3
4,16102,13,3
4,17138,20,1
4,19214,20,0
4,17231,21,-2
4,10610,14,0
4,14681,14,1
4,14823,14,1
4,18276,25,5
4,20772,25,5
4,21387,24,4
4,9034,5,-2
4,12318,5,-1
4,11859,4,-1
4,15427,10,1
4,16590,9,0
4,15345,8,-2
4,11181,7,2
4,15536,7,2
4,14537,4,-1
4,17951,8,-2
4,20528,9,-0
4,17560,9,1
4,11034,6,-2
4,15428,6,-2
4,14648,7,3
4,17997,14,6
4,20096,14,6
4,17702,15,6
4,10669,7,2
4,14829,8,2
4,14108,7,0
4,19665,15,1
4,21847,13,-1
4,18683,13,-2
4,8685,13,6
4,12242,12,4
4,12310,12,5
4,20105,21,6
4,21925,19,6
4,21432,21,8
4,9900,8,-3
4,14046,8,-3
4,12771,8,-3
4,15862,14,-2
4,17460,14,-2
4,13755,14,-2
4,11415,12,3
4,16172,12,3
4,15018,12,3
4,19197,14,-0
4,22372,14,-0
4,18738,14,0
4,11246,10,-2
4,15519,9,-2
4,15410,9,-3
4,18914,11,-3
4,22243,12,-2
4,20572,12,-2
4,10454,5,-5
4,14416,5,-4
4,15637,4,-4
4,18581,12,1
4,21512,13,1
4,19615,14,2
4,9083,6,1
4,12987,6,1
4,13251,5,1
4,18929,15,3
4,21670,16,3
4,21619,17,3
5,9310,13,4
5,12700,12,3
5,13046,12,2
5,15395,12,-8
5,17024,12,-8
5,14004,12,-7
5,10182,11,-2
5,14286,11,-1
5,14368,11,-1
5,18013,16,4
5,20204,17,4
5,17136,16,4
5,11798,10,-1
5,16084,10,-1
5,17755,10,-1
5,18823,14,-2
5,21296,14,-2
5,18550,17,1
5,10413,14,4
5,14468,14,4
5,14847,13,3
5,19115,22,8
5,23043,22,7
5,20817,23,6
5,9564,15,1
5,13773,15,1
5,15422,15,2
5,19594,14,-8
5,23635,13,-8
5,25923,12,-11
5,9978,8,1
5,13387,8,1
5,12175,8,1
5,15836,20,6
5,17627,20,6
5,14529,21,6
5,10538,11,3
5,14352,12,3
5,14082,12,3
5,18116,21,1
5,20878,22,2
5,17631,22,1
5,11080,12,1
5,15328,12,0
5,14913,12,0
5,18284,22,1
5,21462,23,1
5,18845,23,1
5,10640,15,3
5,14626,16,3
5,14735,16,3
5,18567,23,2
5,22597,23,0
5,20350,23,0
5,9269,16,1
5,12689,14,-1
5,12999,14,-1
5,18156,22,-2
5,22063,21,-2
5,24290,21,-2
5,9934,19,4
5,13389,19,3
5,13463,20,3
5,18702,19,-3
5,23226,21,-4
5,20022,22,-2
5,10693,14,-5
5,14246,14,-5
5,14915,14,-6
5,16496,23,3
5,19345,24,4
5,18828,24,2
5,10775,14,-0
5,14385,13,-1
5,15676,13,-1
5,16080,21,-2
5,19164,21,-3
5,19502,22,-2
5,11347,13,-1
5,14999,13,0
5,17332,13,-0
5,17229,14,-6
5,20246,16,-5
5,20491,18,-4
5,8985,13,0
5,12384,14,1
5,12649,13,0
5,18773,18,3
5,22406,19,3
5,22512,19,2
5,9389,18,-7
5,12423,17,-7
5,12189,17,-7
5,15493,22,-9
5,17754,22,-9
5,15463,22,-8
5,10737,16,-2
5,14487,16,-2
5,14488,16,-1
5,17457,19,-3
5,20190,19,-3
5,17861,19,-3
5,10905,12,-4
5,14839,13,-3
5,14705,12,-4
5,16231,21,2
5,19307,20,1
5,18437,19,0
5,10146,13,1
5,13697,12,-1
5,13821,12,0
5,16731,21,0
5,19254,21,1
5,17569,19,0
5,8126,18,6
5,10328,18,6
5,10958,19,7
5,19219,27,6
5,17291,25,4
5,16363,24,5
5,9791,24,6
5,13685,24,6
5,13541,24,7
6,11045,16,-8
6,15085,16,-8
6,14539,16,-9
6,19937,22,-11
6,20718,20,-13
6,20341,19,-13
6,10853,17,1
6,14552,17,2
6,14898,17,2
6,20882,26,4
6,21569,25,5
6,18048,26,6
6,9143,18,1
6,12278,17,0
6,12188,17,0
6,17650,23,-3
6,20354,24,-1
6,21105,23,-3
6,9500,18,1
6,13234,18,3
6,12519,18,3
6,16799,26,3
6,18629,27,2
6,15051,26,3
6,11167,18,0
6,15515,17,-1
6,15091,17,-1
6,20029,25,-1
6,23459,23,-3
6,19710,23,-3
6,11327,20,2
6,15677,20,3
6,15708,20,3
6,18645,27,2
6,22161,27,4
6,20204,27,3
6,11299,21,1
6,15638,21,1
6,15903,21,1
6,18720,27,0
6,22084,26,-2
6,20891,25,-2
6,9032,17,-3
6,12626,17,-3
6,12855,17,-4
6,17630,24,-2
6,20687,24,-1
6,21096,24,-1
6,9272,21,2
6,13121,21,2
6,13854,21,2
6,17297,27,7
6,19288,28,6
6,16651,28,8
6,11009,22,1
6,15728,21,0
6,15586,21,0
6,17299,26,-2
6,20088,26,-2
6,18082,27,-2
6,10856,21,-1
6,15085,20,-1
6,16080,19,-1
6,17724,26,0
6,21076,25,-1
6,20279,24,-3
6,12786,19,-1
6,17274,19,-1
6,16660,19,0
6,17815,21,-6
6,20821,21,-4
6,19664,21,-3
6,8438,21,2
6,11771,21,2
6,12667,21,2
6,9851,18,3
6,14440,18,3
6,14548,17,3
6,19003,26,2
6,22945,26,1
6,21853,25,0
6,10560,19,1
6,15599,19,1
6,15878,19,2
6,19615,18,-8
6,22533,18,-7
6,21733,18,-7
6,10524,17,-2
6,14875,17,-2
6,15406,17,-2
6,17934,21,3
6,21182,21,3
6,21133,21,3
6,8176,18,1
6,11782,17,0
6,12312,17,0
6,16792,26,5
6,19742,27,6
6,20958,27,6
6,8783,23,-1
6,12492,23,-0
6,13306,23,-0
6,14126,24,-7
6,16266,22,-8
6,13726,22,-8
6,9661,20,-3
6,13862,19,-3
6,13794,19,-3
6,16362,23,-1
6,19029,25,3
6,16893,25,3
6,9758,19,-1
6,14000,19,0
6,14150,19,-0
6,15615,28,5
6,18189,28,3
6,17161,27,2
6,8944,22,3
6,13557,22,2
6,13528,21,2
6,15482,29,1
6,18016,29,1
6,17298,29,2
7,6475,23,1
7,8987,23,2
7,10379,23,2
7,7345,23,3
7,11001,23,4
7,10594,23,4
7,16477,29,-0
7,14670,27,-3
7,11071,26,-3
7,8126,22,-1
7,12779,23,-0
7,12230,23,0
7,15004,27,-2
7,16474,28,1
7,15094,28,2
7,8273,23,1
7,12816,23,0
7,12547,22,-1
7,15688,28,2
7,17781,29,1
7,15943,27,-2
7,6811,21,-2
7,9986,20,-3
7,10558,21,-2
7,18945,28,-0
7,17871,27,-2
7,17860,23,-3
7,8339,20,-1
7,12607,19,-1
7,12075,19,-1
7,14464,28,0
7,16046,28,1
7,13672,27,2
7,9818,22,2
7,14476,22,2
7,14348,21,2
7,18013,30,2
7,10005,26,4
7,14511,25,3
7,15137,24,3
7,9794,23,-2
7,14506,23,-2
7,14686,23,-1
7,19036,29,-3
7,7706,24,1
7,11237,23,0
7,11719,23,0
7,16969,29,-2
7,19178,29,-2
7,19830,28,-1
7,10106,26,3
7,13090,25,3
7,12491,25,2
7,14810,26,0
7,16611,26,-2
7,15368,24,-3
7,9673,23,-3
7,14400,23,-2
7,14392,23,-2
7,10041,27,4
7,15087,26,3
7,15972,26,3
7,10503,27,0
7,15676,27,1
7,16035,26,0
7,18450,25,-9
7,21764,26,-8
7,20352,27,-7
7,7780,27,0
7,11507,27,0
7,12032,26,0
7,9030,28,0
7,13388,28,1
7,12906,28,1
7,14517,24,-10
7,16239,26,-8
7,14067,26,-7
7,10378,23,-5
7,14369,22,-6
7,14393,22,-6
7,17058,25,1
7,19559,26,0
7,16946,26,0
7,10533,22,-2
7,14759,22,0
7,14836,21,-1
7,17665,28,3
7,20106,28,3
7,18741,28,2
7,9778,24,2
7,14334,23,1
7,14727,23,2
7,18078,29,1
7,21109,30,2
7,19692,29,1
7,7556,25,1
7,11172,24,1
7,11515,24,1
7,16529,28,-2
7,19299,28,-2
7,20651,29,0
8,8356,21,-2
8,12353,21,-2
8,12179,21,-1
8,13673,22,-8
8,14725,22,-7
8,12882,23,-5
8,9375,22,2
8,14062,22,2
8,13857,22,2
8,9737,24,2
8,14232,23,1
8,14501,22,0
8,9452,26,2
8,13984,26,2
8,14341,26,3
8,7819,27,1
8,12124,26,0
8,11533,26,0
8,8284,27,0
8,12706,26,-1
8,12264,26,-1
8,9766,28,2
8,14914,28,2
8,15274,28,2
8,9736,26,-3
8,14407,24,-3
8,13201,24,-3
8,15121,28,-7
8,16161,29,-6
8,11504,25,-1
8,15125,24,0
8,14541,24,0
8,16963,30,2
8,6991,23,-2
8,10234,23,-2
8,10961,22,-2
8,15830,28,-2
8,17924,28,-2
8,18380,29,-2
8,7543,22,2
8,11432,21,2
8,11045,20,1
8,13143,28,2
8,14514,28,1
8,12475,27,0
8,8434,20,-2
8,13173,21,-0
8,12660,19,-1
8,15640,28,0
8,17434,28,0
8,15274,28,1
8,8663,20,0
8,13445,19,-1
8,13157,20,1
8,15587,27,-1
8,17362,26,-2
8,15845,26,-2
8,8294,18,-2
8,12342,18,-1
8,12527,18,-2
8,16010,29,3
8,18113,29,4
8,16571,28,2
8,6564,22,3
8,9414,21,3
8,10367,21,3
8,18124,30,2
8,7595,23,0
8,11460,23,0
8,11095,23,1
8,14528,24,-2
8,14149,26,-1
8,12338,25,-2
8,8185,23,-0
8,12879,22,-1
8,12743,22,-1
8,15191,29,5
8,16580,28,2
8,15013,28,3
8,8421,23,0
8,13139,22,0
8,12973,22,-0
8,18528,30,2
8,8273,23,0
8,12258,23,1
8,12559,22,0
8,6720,25,2
8,9354,24,2
8,10383,24,2
8,16215,26,-7
8,18154,25,-7
8,18700,26,-6
8,7489,24,0
8,11334,24,1
8,11006,24,1
8,13090,29,2
8,14211,29,2
8,12610,29,2
8,8357,24,-0
8,13188,24,-0
8,12797,24,0
8,17089,29,0
8,15272,30,1
8,8491,22,-2
8,12674,22,-2
8,12681,21,-4
8,14888,28,-3
8,16719,29,0
8,15959,28,-2
9,8236,21,-1
9,12054,21,-1
9,12704,21,0
9,14876,29,2
9,16776,29,0
9,15770,30,2
9,6509,18,-3
9,9113,18,-3
9,9923,17,-4
9,15566,26,-4
9,16992,26,-3
9,16826,24,-6
9,11205,23,-1
9,15202,23,-1
9,16182,22,-1
9,17759,21,-10
9,19525,21,-9
9,17639,21,-9
9,11625,19,-4
9,16469,19,-4
9,17314,19,-3
9,17593,21,0
9,20317,22,2
9,19678,22,1
9,11297,19,0
9,14648,19,0
9,15553,18,-1
9,16864,24,3
9,19678,24,2
9,20461,26,4
9,9654,18,-1
9,13018,17,-2
9,14158,17,-1
9,17219,26,2
9,20888,27,2
9,22508,26,0
9,9282,21,-2
9,12796,21,-2
9,13914,21,-2
9,16546,27,6
9,19340,26,4
9,17641,27,6
9,11326,22,2
9,15177,22,2
9,16478,22,2
9,17928,27,0
9,20854,28,2
9,19791,27,-0
9,11588,19,-3
9,15473,18,-4
9,16148,18,-4
9,17538,26,-2
9,20795,26,-2
9,20156,26,-1
9,11167,21,2
9,14704,20,2
9,15481,19,1
9,17058,23,-3
9,20508,23,-3
9,20372,23,-3
9,9858,14,-6
9,12715,14,-6
9,13160,14,-5
9,16606,22,-1
9,20161,23,0
9,21457,24,1
9,9509,22,2
9,12306,22,2
9,12861,22,2
9,17663,29,2
9,17893,28,0
9,16003,28,0
9,10877,21,-1
9,13861,21,-1
9,13685,20,-2
9,14286,24,-5
9,15181,26,-2
9,16118,25,-3
9,10468,18,-3
9,13083,17,-3
9,12991,18,-2
9,11873,26,1
9,12915,27,1
9,13637,27,2
9,10972,22,4
9,13954,22,5
9,14021,22,4
9,13311,17,-9
9,15875,16,-11
9,18736,18,-8
9,9172,13,-9
9,11500,12,-10
9,11990,12,-10
9,14507,16,-1
9,17293,17,1
9,19651,17,-2
9,7588,15,-1
9,10143,15,-1
9,10972,15,0
9,12805,23,1
9,13975,23,1
9,12682,22,1
9,9780,17,2
9,13310,17,2
9,12733,16,1
9,17418,19,-4
9,18786,19,-3
9,17166,19,-3
9,11717,13,-3
9,15389,13,-4
9,14707,12,-4
9,18970,19,0
9,21320,19,0
9,19840,21,1
9,11413,14,1
9,14851,13,0
9,14641,12,0
9,18829,19,-0
9,21486,19,-0
9,21477,19,-2
9,9725,13,-1
9,12530,12,-1
9,12716,12,0
9,18525,16,-3
9,21609,16,-3
9,23369,16,-3
10,10387,9,-6
10,13905,9,-6
10,13650,11,-4
10,19557,11,-4
10,21854,11,-3
10,19516,9,-3
10,12179,8,-1
10,16894,8,-2
10,17346,8,-3
10,18687,12,1
10,20367,12,1
10,16619,12,3
10,9154,13,5
10,14776,13,6
10,16218,13,5
10,20140,15,3
10,22701,15,3
10,19938,14,2
10,11237,13,0
10,14792,13,0
10,14971,12,-1
10,17477,22,7
10,18915,23,8
10,18951,23,8
10,9722,17,4
10,12788,16,3
10,12707,16,4
10,17540,24,3
10,20132,24,2
10,22075,23,0
10,10738,12,0
10,14811,12,0
10,14097,11,-1
10,18029,20,1
10,20450,21,1
10,18686,21,2
10,11622,15,3
10,15749,14,3
10,15366,14,3
10,18677,21,1
10,21119,20,-1
10,20935,19,-1
10,12029,17,2
10,16254,17,3
10,15863,17,3
10,22084,19,-2
10,24564,19,-1
10,22044,20,1
10,9927,12,-6
10,13126,12,-6
10,13598,12,-5
10,18559,18,-1
10,21860,19,-0
10,23529,19,-1
10,10011,14,0
10,13955,14,0
10,13652,13,0
10,16789,18,2
10,19290,19,2
10,19548,18,0
10,11593,11,-4
10,15977,11,-4
10,15089,10,-3
10,19566,13,-6
10,22398,13,-6
10,20313,13,-6
10,11905,7,-4
10,16155,6,-4
10,16311,6,-4
10,19779,12,-1
10,22420,12,-1
10,21690,12,-1
10,11698,8,1
10,15600,8,2
10,16526,7,1
10,19402,14,2
10,22375,14,2
10,22319,14,2
10,9833,9,2
10,13226,8,1
10,13087,8,2
10,18515,17,3
10,21475,16,2
10,23081,16,2
10,10443,13,0
10,14268,13,-0
10,13802,13,-1
10,18340,14,0
10,20440,15,-1
10,18153,15,-1
10,11501,17,4
10,15853,17,4
10,15658,17,4
10,18808,21,6
10,20759,21,6
10,19192,20,5
10,11444,18,2
10,15840,18,1
10,15919,18,1
10,19360,21,0
10,22062,22,1
10,20565,22,2
10,11741,15,-3
10,15647,14,-3
10,15753,14,-3
10,18826,18,-3
10,22196,18,-4
10,22030,18,-4
10,10062,9,-6
10,13324,8,-6
10,13192,8,-7
10,20275,13,-5
10,23518,13,-6
10,25641,13,-4
10,10150,12,4
10,13135,12,4
10,12176,11,4
10,14633,18,2
10,15050,18,1
10,14502,18,1
11,10100,15,3
11,13953,15,3
11,14759,15,4
11,17627,19,1
11,19948,19,2
11,17389,19,2
11,11402,15,0
11,15690,14,-1
11,15117,13,-2
11,18717,20,1
11,21574,21,1
11,19763,20,1
11,11548,13,-2
11,15675,12,-3
11,15106,12,-2
11,19591,19,-1
11,23004,19,-2
11,21901,18,-2
11,9918,12,-1
11,13319,12,0
11,13139,12,0
11,18764,21,2
11,22389,21,2
11,23889,21,2
11,10302,21,1
11,13048,21,1
11,12500,21,1
11,16418,24,1
11,18554,24,1
11,15754,24,1
11,11165,11,-10
11,14474,9,-11
11,13557,9,-11
11,18403,13,-11
11,21099,14,-10
11,18682,14,-10
11,11902,6,-4
11,15936,6,-4
11,14904,5,-4
11,19675,11,-3
11,22383,11,-3
11,20049,12,-2
11,11934,9,3
11,15734,9,4
11,14958,9,4
11,18944,18,7
11,22497,18,7
11,21883,19,7
11,9522,4,-10
11,13092,4,-8
11,12762,4,-7
11,16229,6,-4
11,18636,7,-4
11,15715,7,-3
11,10860,2,-2
11,14712,2,-2
11,14410,2,-2
11,17680,7,1
11,21237,7,0
11,23770,7,0
11,11076,7,5
11,14849,8,6
11,14926,6,3
11,17513,10,3
11,20687,9,3
11,20147,9,3
11,10952,3,-4
11,14870,3,-5
11,14425,3,-2
11,17620,7,-3
11,21639,7,-2
11,21666,7,-2
11,9483,2,-1
11,12662,2,-1
11,12599,2,-2
11,17946,6,-2
11,21812,6,-1
11,23845,6,-1
11,10564,-2,-4
11,13769,-2,-4
11,13630,-3,-4
11,17193,3,2
11,19267,4,2
11,17101,5,3
11,10340,4,6
11,13631,4,6
11,13680,3,6
11,16119,9,6
11,17620,10,6
11,16564,11,6
11,7471,6,2
11,9984,6,2
11,10954,7,4
11,15357,12,3
11,15769,12,2
11,14762,13,2
11,10129,12,2
11,13127,12,2
11,11940,12,2
11,16259,10,0
11,17016,10,1
11,14493,11,1
11,11380,4,-8
11,15660,3,-8
11,14441,3,-9
11,18938,6,-4
11,21055,6,-4
11,17858,6,-4
11,11757,5,1
11,16414,5,2
11,15939,6,3
11,19347,13,8
11,20823,14,8
11,18173,14,8
12,11701,3,-2
12,16264,3,-2
12,15887,3,-3
12,19911,5,-8
12,23801,6,-8
12,22166,6,-8
12,10346,1,-2
12,13960,1,-2
12,13844,1,-2
12,21733,6,1
12,25274,6,0
12,26117,7,1
12,10871,3,-3
12,15372,4,-1
12,15310,3,-2
12,18618,9,2
12,20568,8,1
12,17176,8,1
12,12175,6,3
12,16922,6,2
12,16276,7,4
12,21831,14,5
12,24408,13,5
12,24438,13,5
12,11864,14,8
12,16550,14,8
12,17608,14,8
12,20714,14,0
12,23996,14,2
12,22102,14,1
12,12333,12,-2
12,17169,11,-3
12,17151,11,-4
12,20162,12,-3
12,24568,12,-3
12,23959,11,-3
12,10122,3,-8
12,13769,3,-7
12,14419,3,-8
12,21309,6,-6
12,24857,7,-4
12,26500,7,-4
12,10347,1,-2
12,14338,0,-3
12,13939,0,-3
12,18739,3,-1
12,21691,3,-2
12,19422,2,-2
12,12254,-3,-3
12,17089,-3,-3
12,16853,-3,-3
12,19133,2,-1
12,22568,3,0
12,21617,4,2
12,12222,-1,2
12,16953,0,3
12,16955,0,3
12,20359,3,1
12,24531,3,0
12,23509,3,-1
12,11555,1,1
12,16407,1,1
12,16508,1,1
12,21823,4,1
12,25249,4,1
12,25960,4,1
12,10446,6,6
12,15146,6,5
12,17616,6,5
12,22974,7,3
12,26720,6,1
12,28599,6,2
12,8290,-1,-2
12,11825,0,-2
12,13599,0,-1
12,16120,3,-1
12,17927,3,-2
12,16708,2,-2
12,8474,0,1
12,12545,0,0
12,13131,0,0
12,17171,3,-0
12,19853,3,0
12,17806,4,2
12,8098,-2,-2
12,11554,-2,-2
12,12647,-2,-2
12,15794,3,0
12,18012,3,0
12,17150,4,0
12,6757,2,4
12,9437,2,3
12,10651,2,4
12,15430,5,2
12,16922,5,2
12,16127,6,2
12,5369,14,12
12,7618,14,12
12,8868,13,12
12,17409,6,1
12,18374,3,-2
12,17424,-1,-7
1,9265,11,1
1,11944,10,0
1,10587,9,-1
1,13360,10,-3
1,14022,11,-2
1,11181,12,-1
1,9091,14,4
1,12369,14,4
1,11218,14,5
1,16816,19,9
1,19479,18,7
1,15650,18,6
1,9705,9,-6
1,13163,9,-6
1,12080,9,-5
1,16548,9,-10
1,18804,10,-8
1,15735,9,-9
1,9225,7,-2
1,12076,6,-3
1,11128,6,-3
1,17409,8,-1
1,19859,9,-1
1,20599,8,-1
1,9477,3,0
1,13251,3,1
1,11367,3,1
1,14534,6,2
1,15392,7,2
1,13224,7,2
1,10860,4,1
1,14865,3,0
1,13427,4,1
1,16989,4,-2
1,19174,5,-2
1,16211,5,-2
1,10984,3,-1
1,15892,3,-0
1,14270,3,-1
1,18321,4,-1
1,20546,4,-1
1,17952,4,-1
1,11644,4,1
1,17136,4,1
1,15685,4,2
1,18987,7,3
1,25802,8,4
1,21102,8,4
1,9355,13,9
1,12520,13,9
1,11545,12,7
1,18595,12,5
1,21344,10,2
1,22201,8,0
1,11228,2,3
1,16620,2,3
1,15553,2,3
1,17153,8,3
1,19120,8,1
1,15988,8,0
1,11169,7,4
1,16083,7,5
1,14703,7,4
1,18364,11,3
1,20361,11,3
1,18140,11,3
1,11628,6,-1
1,17431,6,-1
1,17762,6,-1
1,21564,5,-6
1,25166,5,-6
1,23653,5,-6
1,9813,5,-1
1,13070,4,-2
1,12016,5,-1
1,19155,8,3
1,22313,8,3
1,23404,8,3
1,10796,3,0
1,15154,3,0
1,13567,3,1
1,16152,3,-2
1,17716,2,-3
1,14681,3,-2
1,11631,2,-1
1,16253,3,-0
1,14973,3,-0
1,18681,7,4
1,21211,7,5
1,18114,7,4
1,11900,3,1
1,16785,2,-1
1,15292,2,-1
1,21123,4,-3
1,26296,2,-5
1,27912,2,-5
1,11419,12,9
1,16174,11,8
1,15195,10,8
1,20242,7,2
1,23661,7,4
1,21770,7,4
1,9881,3,-8
1,13090,3,-8
1,12532,2,-8
1,19983,5,-2
1,23252,5,-2
1,24445,5,-2
1,10244,7,-1
1,13920,7,-0
1,11952,7,0
1,14347,12,1
1,15819,11,-1
1,13539,12,0
1,12742,6,-2
1,17706,4,-3
1,15387,3,-3
1,17852,3,-8
1,20887,4,-7
1,17478,3,-9
2,11984,-1,-7
2,16792,-2,-6
2,15739,-3,-6
2,18590,2,-1
2,21614,3,-1
2,19442,3,0
2,11785,-1,0
2,16745,-1,1
2,15072,-1,2
2,19565,3,1
2,23717,3,0
2,21034,4,1
2,10753,1,2
2,15007,1,2
2,13728,0,1
2,24673,-5,-8
2,10499,7,8
2,14739,7,8
2,13121,6,7
2,15799,11,4
2,17438,9,0
2,14536,9,0
2,11965,0,-7
2,16975,-1,-7
2,15283,-1,-6
2,18690,4,-7
2,21382,4,-6
2,17852,4,-5
2,11770,4,4
2,16537,4,5
2,15058,4,5
2,18582,10,6
2,21218,10,6
2,19626,11,7
2,11903,7,2
2,16512,7,2
2,14560,6,2
2,19182,10,0
2,22339,11,1
2,20866,11,0
2,10066,14,8
2,12969,15,8
2,12616,16,10
2,19568,14,4
2,23380,14,3
2,23952,14,3
2,10121,6,2
2,14185,6,1
2,12738,6,1
2,15797,12,4
2,18119,13,4
2,15548,13,5
2,11606,7,1
2,15643,7,1
2,14436,7,1
2,19646,10,-2
2,23301,11,-2
2,23250,12,-1
2,11427,10,3
2,16215,9,2
2,15348,9,2
2,18009,15,5
2,20262,17,6
2,17842,19,7
2,11249,16,6
2,15155,16,7
2,14124,15,6
2,18509,20,5
2,21318,21,3
2,18582,18,-1
2,9608,14,-2
2,13175,14,-2
2,14578,14,-1
2,19895,16,-4
2,21921,11,-10
2,23217,4,-14
2,10223,6,-3
2,15091,4,-4
2,14063,3,-5
2,18772,6,-7
2,19705,6,-9
2,16187,8,-8
2,10924,5,-1
2,15768,4,0
2,14620,4,1
2,19564,6,0
2,21557,6,-0
2,19581,4,-4
2,11007,3,-2
2,16234,3,-1
2,15199,3,-1
2,19464,4,-2
2,22603,4,-1
2,21052,4,1
2,9020,6,2
2,12199,6,3
2,12743,6,3
2,19979,5,1
2,24236,6,1
2,26342,5,1
2,10362,3,3
2,14287,2,2
2,12294,2,3
2,16164,6,3
2,18469,6,0
2,16335,7,-2
2,12363,1,-2
2,17979,1,-2
2,16416,1,-2
2,18433,2,-4
2,21010,1,-5
2,17330,2,-4
3,11930,2,2
3,16950,2,1
3,15671,2,2
3,18648,7,4
3,21960,6,4
3,19389,6,3
3,12135,4,2
3,16967,4,3
3,15999,4,2
3,18879,9,2
3,22560,11,6
3,20407,12,7
3,9966,3,-1
3,13145,3,-1
3,12445,3,-2
3,20074,8,-1
3,23189,7,-4
3,25048,7,-5
3,10232,6,2
3,13681,4,1
3,12491,5,1
3,15873,10,-1
3,17932,9,-2
3,15105,10,-1
3,11901,1,-4
3,16026,1,-4
3,15710,1,-4
3,19590,7,-3
3,22705,7,-2
3,20381,8,-2
3,11938,0,-1
3,17003,-1,-1
3,16281,-1,-1
3,18887,7,-0
3,22163,8,1
3,20589,9,1
3,11744,1,1
3,16552,1,2
3,15710,1,2
3,19519,10,3
3,22993,11,2
3,22180,11,2
3,9980,2,1
3,13377,2,1
3,12997,2,1
3,20028,7,-3
3,23836,7,-3
3,27567,7,-3
3,10808,4,2
3,15449,4,2
3,15058,4,2
3,18539,7,-1
3,20121,6,-3
3,17826,6,-3
3,12681,2,-2
3,18086,3,-1
3,17348,3,-1
3,20012,2,-5
3,22517,2,-4
3,19153,1,-4
3,12161,2,-1
3,17395,2,-1
3,17277,2,-1
3,19052,6,4
3,22021,6,4
3,21202,7,6
3,11815,2,0
3,16936,2,0
3,16570,2,0
3,19021,11,6
3,21505,12,6
3,19721,13,7
3,9717,10,8
3,13795,9,7
3,13120,9,7
3,17890,15,4
3,21067,13,1
3,22959,13,-0
3,9181,1,-1
3,13086,0,-1
3,12711,0,1
3,14042,8,5
3,15654,9,7
3,13731,11,8
3,10295,6,5
3,14701,6,6
3,14319,5,5
3,15934,16,8
3,17846,16,7
3,15846,17,7
3,10546,9,4
3,15174,9,4
3,14691,9,4
3,16357,13,-2
3,18450,15,-1
3,17837,16,-1
3,10536,9,-0
3,14580,9,-0
3,14331,9,-0
3,17618,12,-1
3,19561,13,-2
3,17376,13,-3
3,8769,11,2
3,12298,10,1
3,12474,9,0
3,17002,9,-3
3,19364,10,-3
3,20582,11,-3
3,9133,10,2
3,12687,9,2
3,11605,9,2
3,20087,16,1
3,21179,14,-2
3,18976,13,-3
3,10366,7,-3
3,15065,7,-2
3,15054,7,-2
3,16575,11,-6
3,18080,10,-4
3,15800,10,-3
3,10522,6,-1
3,15111,6,-1
3,14360,5,-2
3,17427,11,0
3,19285,12,2
3,18139,12,2
3,11042,1,-4
3,16056,1,-5
3,15634,0,-5
3,17972,6,-6
3,20642,7,-5
3,19403,7,-4
3,8968,4,3
3,12333,4,3
3,12413,5,5
3,17034,9,3
3,19866,10,3
3,21364,10,3
4,10185,4,-3
4,14054,4,-3
4,12976,4,-2
4,15425,14,4
4,16056,14,4
4,14021,14,4
4,11168,11,6
4,15243,9,6
4,14058,9,5
4,17864,22,8
4,19622,21,7
4,16379,22,7
4,11569,11,0
4,15868,11,1
4,15231,10,1
4,18624,9,-13
4,19666,9,-11
4,17479,9,-13
4,9132,9,-2
4,12967,9,-2
4,13216,9,-1
4,17554,22,13
4,19161,24,15
4,16843,26,17
4,8602,6,0
4,12721,6,1
4,12451,6,1
4,13293,18,6
4,14387,19,8
4,12731,19,8
4,9849,12,6
4,14010,11,5
4,13743,11,5
4,16825,23,6
4,18511,23,4
4,15605,23,4
4,10254,19,7
4,14760,18,7
4,14614,19,8
4,18708,28,4
4,20202,28,6
4,17991,29,6
4,10278,21,2
4,14369,21,2
4,14172,20,1
4,8804,23,3
4,11987,22,2
4,12577,22,2
4,10382,13,-3
4,15280,12,-3
4,13919,12,-2
4,14689,14,-6
4,15839,18,-3
4,13047,19,-1
4,11119,11,-2
4,15715,10,-2
4,15245,10,-2
4,17460,11,-3
4,19736,13,-4
4,17302,13,-6
4,11711,8,-3
4,16855,8,-2
4,15960,8,-2
4,17965,15,4
4,20008,16,2
4,17587,17,3
4,11194,9,2
4,15722,8,1
4,15335,8,1
4,17958,17,2
4,20126,18,3
4,18804,18,1
4,8321,12,2
4,11827,11,3
4,12643,12,3
4,17625,21,4
4,20576,21,2
4,22019,21,3
4,10036,8,-4
4,13615,7,-6
4,12637,7,-6
4,16608,15,-3
4,17632,15,-5
4,13635,16,-4
4,11495,9,1
4,15963,8,1
4,14678,8,1
4,18346,13,-2
4,20333,13,-2
4,16908,15,-1
4,11881,9,0
4,16510,8,-1
4,15533,8,1
4,18796,14,1
4,22061,14,1
4,19025,14,-1
4,11762,11,2
4,16530,11,3
4,15902,11,3
4,18942,12,-2
4,22138,13,-1
4,20199,13,-1
4,9780,10,-1
4,13552,10,-1
4,13043,10,-1
4,19959,13,1
4,23469,13,-0
4,27875,12,-1
5,9803,10,-1
5,13399,10,-1
5,12670,9,-1
5,15405,15,3
5,17193,15,2
5,13850,16,3
5,13786,9,-1
5,17380,9,-1
5,16419,10,1
5,18456,10,-5
5,21842,11,-4
5,17031,12,-3
5,11562,9,0
5,16241,8,-1
5,15586,8,-2
5,19093,12,2
5,22328,13,2
5,19936,13,1
5,12574,9,0
5,17137,9,1
5,16978,9,1
5,19902,12,-0
5,23682,12,-1
5,20537,11,-3
5,9384,9,0
5,12674,9,0
5,12520,9,0
5,18839,17,5
5,23115,16,4
5,24484,16,6
5,9591,16,1
5,12999,15,1
5,12159,14,1
5,15409,24,-0
5,16988,24,-1
5,14044,24,1
5,11114,15,-1
5,15202,14,-1
5,14255,13,-1
5,18346,21,-3
5,21212,20,-4
5,17566,18,-7
5,11662,11,-4
5,16134,11,-3
5,15305,11,-3
5,17112,21,0
5,20165,22,2
5,18370,22,4
5,11509,16,4
5,15695,16,4
5,15264,14,3
5,18802,26,4
5,22592,26,4
5,20437,27,4
5,9728,19,3
5,13146,19,3
5,13025,19,5
5,18442,29,3
5,22497,29,2
5,9947,13,-4
5,13280,12,-4
5,13077,11,-4
5,17385,22,0
5,19805,23,-0
5,16197,23,-0
5,12158,16,3
5,16195,16,3
5,15544,15,4
5,19503,24,2
5,21862,26,3
5,19579,25,2
5,12216,19,3
5,16464,17,2
5,16855,16,1
5,19173,18,-6
5,23002,17,-8
5,21798,17,-8
5,11286,9,-10
5,15624,8,-9
5,16728,7,-9
5,19318,15,-3
5,22347,16,-2
5,21642,16,-2
5,9469,12,3
5,13057,12,4
5,13516,12,5
5,18910,20,5
5,23025,20,4
5,23783,20,4
5,9637,15,1
5,13094,14,0
5,12314,14,1
5,16358,23,3
5,17947,23,3
5,15035,22,1
5,11028,14,-1
5,15230,14,0
5,14415,14,0
5,18493,19,-4
5,20823,19,-4
5,17344,18,-3
5,11380,12,-2
5,15883,12,-2
5,14887,12,-2
5,18164,23,4
5,21927,24,6
5,26795,24,6
5,10864,11,-1
5,14841,11,-1
5,14151,11,-1
5,16876,19,-4
5,18897,19,-5
5,17090,19,-5
5,8389,13,2
5,10350,12,1
5,10521,12,1
5,15705,22,3
5,16640,22,2
5,16060,22,2
5,9688,14,-4
5,13510,13,-4
5,12675,13,-4
5,15390,21,-4
5,16761,22,-4
5,14261,21,-4
5,10818,11,-3
5,14898,11,-3
5,14384,11,-2
5,17960,25,4
5,20194,24,3
5,17852,23,2
6,10870,16,5
6,14603,17,6
6,14369,17,6
6,18381,20,-5
6,21044,20,-4
6,18664,21,-3
6,9427,20,4
6,12574,19,2
6,12462,19,2
6,25286,29,9
6,10134,13,3
6,13881,13,3
6,12418,13,4
6,16570,24,5
6,17714,24,4
6,14752,23,3
6,11538,17,4
6,16207,16,3
6,18172,16,3
6,19122,24,0
6,22935,24,0
6,19831,26,2
6,12594,16,-2
6,17882,14,-2
6,16575,14,-2
6,21169,19,-6
6,24600,19,-6
6,20880,19,-7
6,11697,13,-2
6,17347,14,-0
6,15489,13,-2
6,20634,21,2
6,23447,21,2
6,19727,20,1
6,9041,16,2
6,12363,15,1
6,12206,14,2
6,18886,21,-0
6,21449,22,1
6,23226,21,1
6,9840,21,3
6,14543,21,2
6,13128,20,2
6,17001,24,-3
6,18493,24,-2
6,18904,24,0
6,11145,19,-2
6,15889,18,-3
6,14957,18,-2
6,18537,24,0
6,20627,25,1
6,17860,25,1
6,11323,18,-1
6,16376,18,0
6,15716,18,0
6,18897,18,-7
6,22651,18,-7
6,19402,21,-4
6,11112,16,-2
6,15855,16,-2
6,15713,16,-2
6,19017,23,5
6,21869,24,6
6,19548,24,4
6,8669,21,4
6,12756,19,3
6,12910,19,3
6,15672,18,-4
6,17938,18,-6
6,18501,18,-7
6,9859,18,-1
6,14878,18,-2
6,14338,18,-1
6,16014,25,-1
6,18808,25,-2
6,15523,24,-1
6,10470,17,-2
6,15540,17,-1
6,15075,17,-1
6,17332,21,-4
6,19621,21,-4
6,18413,22,-2
6,12235,17,0
6,17646,16,-1
6,17678,16,-1
6,18171,19,-2
6,20597,19,-2
6,18968,21,-2
6,8305,19,2
6,12516,18,3
6,12599,19,3
6,17366,20,1
6,19951,21,1
6,20325,20,-1
6,9029,21,-1
6,13486,21,-1
6,13591,22,0
6,15998,24,-2
6,17491,26,1
6,14765,24,-3
6,9786,19,-2
6,15133,19,-2
6,15662,19,-2
6,16834,23,-1
6,19587,24,-2
6,17357,24,-0
6,9095,19,0
6,13018,19,0
6,14304,19,0
6,16346,26,3
6,19145,27,3
6,17797,26,2
6,9082,19,-0
6,13691,18,-1
6,14000,19,-0
6,14308,27,1
6,17115,27,0
6,17250,27,1
6,7259,22,3
6,10580,21,3
6,11086,21,2
6,15503,28,2
6,16485,27,0
6,15923,28,1
7,3863,23,1
7,5709,23,2
7,6607,23,1
7,10683,30,2
7,7207,23,-0
7,11185,23,-0
7,11282,22,-1
7,7905,26,3
7,12749,26,3
7,12511,26,3
7,14604,30,-2
7,6867,24,-2
7,10177,24,-2
7,10580,24,-1
7,15366,30,-1
7,17452,30,-1
7,17756,29,-1
7,8520,22,-3
7,14227,22,-3
7,13290,22,-3
7,14021,26,-2
7,15376,27,1
7,13638,27,2
7,9593,21,-1
7,14863,21,-1
7,14144,21,-2
7,10539,25,4
7,15977,25,4
7,15725,24,4
7,10183,26,1
7,15809,25,0
7,15656,25,1
7,21965,30,-2
7,20062,29,-2
7,9670,24,-2
7,13834,24,-1
7,12004,23,-2
7,17983,28,-3
7,21211,28,-2
7,19661,28,-1
7,9076,24,-2
7,13438,24,-2
7,13015,23,-2
7,10329,25,1
7,15944,25,1
7,15787,24,1
7,16891,23,-8
7,19599,24,-7
7,16686,24,-6
7,10509,23,-2
7,16360,23,-2
7,16315,23,-2
7,17851,24,2
7,20059,24,0
7,18907,26,1
7,10189,23,0
7,15787,23,0
7,15597,23,0
7,17787,30,6
7,20283,28,4
7,18486,27,2
7,8165,24,1
7,13380,24,1
7,12350,24,1
7,16970,28,-2
7,18808,29,1
7,19328,28,1
7,8383,24,3
7,12790,24,3
7,12114,24,3
7,14688,29,0
7,15944,29,0
7,13890,28,0
7,10131,24,0
7,15011,24,0
7,14839,23,-1
7,19944,29,0
7,19125,27,-3
7,15816,22,-7
7,10392,21,-3
7,14925,20,-4
7,14947,20,-3
7,16298,30,1
7,18993,30,3
7,18106,30,8
7,10062,24,3
7,15245,24,4
7,15503,25,5
7,7922,24,0
7,11382,24,0
7,11959,24,-1
7,7754,19,-1
7,11940,19,-1
7,11299,19,-0
7,13608,27,3
7,14711,28,3
7,12771,29,4
8,8889,21,1
8,13892,20,1
8,13251,21,2
8,16082,27,-0
8,17300,26,-2
8,14809,26,-3
8,9138,18,-2
8,14028,18,-2
8,13662,18,-3
8,15881,26,-1
8,17776,27,1
8,16091,27,1
8,8945,20,2
8,13755,19,1
8,13286,19,2
8,15839,26,0
8,18008,26,-1
8,16307,24,-2
8,7114,22,2
8,10339,22,2
8,10457,22,2
8,14877,23,-3
8,16569,24,-2
8,16838,24,-0
8,9770,23,-0
8,12645,22,0
8,11821,21,0
8,13123,26,-4
8,13667,27,-4
8,12007,26,-3
8,8726,22,-1
8,13673,22,0
8,13654,22,2
8,15017,26,0
8,16423,26,-1
8,14444,25,-1
8,9093,22,0
8,13794,22,-0
8,13102,21,-1
8,16323,29,3
8,17963,30,4
8,16285,29,4
8,8902,23,2
8,13865,23,2
8,13524,23,2
8,20798,24,-5
8,19815,24,-6
8,20076,22,-7
8,6987,19,-4
8,10018,19,-4
8,10260,19,-3
8,15155,29,4
8,16933,29,5
8,16929,28,6
8,7450,23,3
8,11372,23,2
8,11211,23,2
8,13011,29,-1
8,14140,29,-1
8,12042,29,-1
8,8772,22,-1
8,13633,22,-1
8,13362,21,-2
8,14895,24,-5
8,16610,25,-4
8,13914,26,-3
8,9069,22,-0
8,14036,21,-1
8,13721,21,0
8,15948,27,2
8,17411,26,1
8,15964,27,1
8,8801,23,1
8,14196,23,2
8,13335,23,2
8,16039,25,-2
8,18496,25,-1
8,16485,25,-2
8,8412,24,2
8,10079,24,2
8,10335,22,-1
8,14284,25,0
8,15872,26,1
8,16206,26,1
8,7182,23,3
8,10712,23,3
8,10217,23,3
8,12765,29,0
8,13737,29,0
8,11686,29,1
8,7881,23,-0
8,12344,22,-2
8,11768,21,-2
8,14175,25,-4
8,15633,25,-4
8,13332,25,-4
8,8053,20,-3
8,12459,19,-3
8,12327,19,-2
8,14718,27,2
8,16220,26,1
8,14581,25,0
8,7946,21,1
8,12366,22,3
8,12208,22,2
8,15573,22,-5
8,16751,21,-5
8,16162,19,-6
8,9445,21,0
8,11743,21,-1
8,10615,22,0
8,14190,24,3
8,16404,24,3
8,16471,24,4
8,7244,22,-1
8,11021,22,0
8,10598,22,1
8,12081,23,-5
8,13213,24,-4
8,11594,24,-4
8,9814,20,-2
8,15263,20,-2
8,15245,21,-1
8,14494,26,3
8,15823,26,2
8,14209,26,2
8,8176,23,3
8,13541,23,3
8,19887,23,3
8,14194,28,2
8,15475,27,1
8,14144,27,1
8,7865,19,-4
8,11741,19,-4
8,11673,19,-4
8,13648,24,-4
8,15728,24,-2
8,14733,24,-3
9,6254,17,-2
9,8608,17,-2
9,9230,17,-2
9,13556,24,-0
9,14892,24,-0
9,15125,24,0
9,10313,25,-1
9,14402,24,0
9,14148,24,1
9,12376,25,0
9,17469,25,1
9,16787,25,1
9,12650,27,2
9,17664,26,1
9,17880,27,2
9,10686,23,-4
9,14683,23,-3
9,15518,23,-3
9,22165,28,-5
9,21902,25,-8
9,10738,22,-1
9,14187,22,-1
9,13940,23,0
9,19084,27,5
9,22583,26,3
9,17328,24,0
9,11702,20,-2
9,16504,21,-2
9,15670,20,-3
9,16731,27,0
9,19988,27,1
9,18459,28,4
9,13399,23,3
9,18079,23,3
9,16854,23,3
9,18377,24,-3
9,20834,24,-3
9,19619,24,-3
9,12476,20,-3
9,16666,19,-4
9,15859,19,-4
9,17709,24,0
9,21272,24,0
9,20111,24,0
9,10079,16,-4
9,13328,16,-4
9,12734,15,-4
9,17669,19,-6
9,20093,20,-4
9,20531,20,-4
9,11238,18,2
9,14851,19,3
9,15425,19,4
9,16398,19,-5
9,18754,19,-4
9,14714,20,-3
9,11267,16,-3
9,14384,15,-4
9,12909,14,-4
9,15721,22,2
9,17425,22,2
9,16191,22,2
9,11351,16,0
9,14886,15,0
9,13690,14,0
9,15438,22,0
9,17678,22,0
9,17959,22,0
9,11246,15,-1
9,14705,15,0
9,13406,14,0
9,10487,21,-1
9,12606,22,-0
9,12890,21,-1
9,7046,16,1
9,8832,16,1
9,8191,15,1
9,10768,21,0
9,13019,21,-1
9,14563,21,-0
9,9253,18,1
9,13308,17,0
9,14768,17,0
9,17292,15,-3
9,17917,16,-3
9,16189,16,-2
9,12159,15,-3
9,17284,15,-2
9,16721,15,-2
9,18751,16,1
9,19936,16,0
9,17213,16,-1
9,11629,12,-3
9,15867,12,-3
9,14464,11,-4
9,18736,17,2
9,20745,17,2
9,19285,17,2
9,11234,13,2
9,15575,14,2
9,14652,14,3
9,23375,16,-1
9,23913,17,0
9,21067,18,1
9,11334,17,3
9,16955,16,2
9,18125,17,3
9,15888,16,0
9,19985,16,-1
9,21897,17,-1
10,9972,19,4
10,13689,18,2
10,12293,18,2
10,15323,23,-0
10,16369,25,2
10,14728,24,0
10,11113,17,-3
10,15280,17,-1
10,13846,16,-2
10,17464,27,4
10,19629,27,2
10,18107,26,2
10,11381,20,3
10,15761,19,3
10,14516,19,3
10,18500,28,1
10,20816,27,0
10,19366,26,0
10,11292,18,-2
10,15345,17,-2
10,14074,17,-2
10,19035,24,-3
10,21240,24,-3
10,19895,23,-3
10,9959,20,2
10,13079,20,3
10,12322,19,2
10,17625,21,-3
10,19770,21,-3
10,21310,22,-1
10,10783,12,2
10,15231,12,2
10,14419,12,2
10,17639,17,3
10,19487,17,2
10,17563,16,2
10,11672,14,2
10,15747,13,2
10,14700,13,1
10,18398,20,3
10,21351,20,3
10,19556,19,4
10,11521,13,-1
10,15977,12,-1
10,15132,12,-1
10,18825,20,0
10,21204,20,0
10,20838,20,1
10,9857,13,0
10,13095,13,1
10,12734,12,-0
10,18601,17,-3
10,21079,17,-3
10,22636,16,-4
10,9824,9,-2
10,13606,9,-1
10,12858,9,-2
10,16668,17,3
10,18243,16,1
10,15586,16,1
10,11489,11,2
10,16272,11,1
10,14723,11,1
10,18697,16,-2
10,21042,16,0
10,19058,16,1
10,11830,12,1
10,16217,12,2
10,15084,12,2
10,19082,16,0
10,21441,16,-1
10,19222,16,-1
10,11700,13,1
10,16157,12,-0
10,14591,11,-1
10,19531,18,2
10,22283,18,2
10,20968,17,1
10,10959,16,3
10,15315,16,4
10,17456,15,4
10,22611,17,-1
10,24825,17,-1
10,26130,17,0
10,10328,8,-3
10,13996,8,-3
10,12637,8,-3
10,15583,14,1
10,17385,15,2
10,14854,15,2
10,11449,9,1
10,15723,9,1
10,14453,9,1
10,17886,17,3
10,20104,17,2
10,17604,18,3
10,11746,13,3
10,16322,13,4
10,15021,12,3
10,19094,20,3
10,22141,22,4
10,18773,21,3
10,11819,17,4
10,15988,16,3
10,15021,16,3
10,19614,24,4
10,22873,25,3
10,21603,24,3
10,9595,18,2
10,12904,19,3
10,12630,18,2
10,18802,21,-3
10,22325,23,-2
10,23846,23,-2
10,11117,12,-3
10,14350,13,1
10,12569,13,1
10,15921,14,3
10,17714,14,3
10,16045,16,4
10,11425,9,-3
10,15129,9,-3
10,13637,8,-4
10,15936,10,-4
10,17207,11,-4
10,16105,11,-5
11,11861,8,-1
11,17157,7,-2
11,15860,6,-2
11,19375,9,-1
11,22765,8,-2
11,20236,8,-2
11,12178,3,-6
11,16749,3,-4
11,15548,2,-4
11,19959,9,0
11,24163,9,1
11,21505,9,1
11,10041,6,3
11,13358,6,3
11,12750,6,4
11,19481,12,3
11,23361,13,4
11,23851,13,4
11,10401,8,-3
11,13265,8,-3
11,12170,8,-3
11,16945,12,-5
11,18431,13,-4
11,14955,13,-4
11,10973,14,6
11,14680,13,5
11,13452,12,4
11,18650,16,4
11,20925,17,3
11,17310,17,4
11,12236,10,-4
11,16543,9,-4
11,15074,8,-4
11,20486,9,-7
11,22846,9,-7
11,20658,9,-8
11,11978,7,-3
11,16184,7,-3
11,15128,7,-2
11,19108,13,4
11,22266,13,4
11,20882,14,4
11,9528,11,4
11,12424,11,4
11,12388,11,4
11,20544,11,-2
11,23565,11,-2
11,23496,12,-2
11,10450,3,-0
11,14058,2,-1
11,13179,3,0
11,17281,8,2
11,18982,9,2
11,15459,9,2
11,11781,7,4
11,16166,7,5
11,14664,7,4
11,19864,11,3
11,22163,11,2
11,18712,11,2
11,12231,5,-2
11,16683,4,-3
11,15263,4,-2
11,19127,11,-0
11,21960,11,0
11,19868,12,1
11,12076,8,3
11,16634,8,4
11,15296,8,3
11,19455,17,7
11,23213,18,7
11,21427,18,6
11,10157,12,4
11,13041,12,3
11,12420,12,4
11,18204,18,1
11,21641,19,1
11,22514,19,2
11,9975,4,-1
11,13264,3,-1
11,12303,3,-2
11,16690,7,-6
11,17704,7,-5
11,15411,7,-6
11,10514,2,-2
11,14048,1,-2
11,13417,1,-2
11,17297,8,1
11,19503,8,1
11,19012,7,0
11,8024,11,9
11,10134,12,11
11,10740,11,10
11,14528,12,4
11,14721,12,4
11,13373,12,5
11,10002,9,7
11,13170,9,7
11,11541,8,6
11,15283,9,0
11,16496,10,0
11,14100,10,1
11,11669,2,-7
11,16279,2,-7
11,14785,1,-7
11,18722,3,-6
11,22978,2,-8
11,19016,2,-8
11,12668,-2,-4
11,17905,-2,-4
11,16379,-2,-3
11,19250,3,-0
11,21206,3,1
11,18777,2,1
11,12433,2,3
11,16881,2,4
11,15647,2,4
11,20235,10,7
11,23496,10,7
11,21067,10,8
12,10668,7,5
12,14142,7,5
12,13499,7,5
12,23664,7,-3
12,27831,7,-3
12,30503,8,-2
12,10821,9,-1
12,14607,9,-0
12,13417,9,-0
12,17035,11,-1
12,18675,10,-2
12,16377,10,-1
12,12377,5,-4
12,17252,5,-4
12,15900,4,-4
12,20273,6,-5
12,23138,6,-4
12,20070,6,-4
12,13056,3,-2
12,18253,3,-2
12,16948,3,-2
12,22061,5,-1
12,24310,5,-1
12,21994,4,-2
12,12791,1,-2
12,18132,0,-3
12,17675,0,-3
12,21733,2,-3
12,25254,3,-2
12,22661,3,-1
12,10555,4,3
12,13983,4,4
12,13549,4,4
12,21496,10,8
12,25526,10,7
12,24938,10,7
12,11921,8,-3
12,15770,7,-4
12,14907,7,-5
12,18945,6,-10
12,21010,6,-9
12,18275,6,-10
12,11963,3,-4
12,16754,3,-4
12,15824,3,-4
12,19698,6,0
12,22989,7,1
12,20529,6,0
12,12328,4,1
12,17438,4,1
12,16329,4,1
12,22179,7,1
12,25369,8,1
12,23026,8,2
12,12229,1,-3
12,17549,1,-3
12,17721,1,-3
12,20677,4,-3
12,24653,4,-3
12,24242,4,-4
12,9608,3,2
12,13414,3,3
12,13709,3,3
12,21105,12,8
12,24730,13,9
12,25334,14,10
12,11272,15,7
12,14781,15,7
12,13051,16,7
12,17069,10,-1
12,18569,10,-1
12,15883,10,-1
12,10589,4,-11
12,14188,4,-11
12,13904,4,-12
12,18899,5,-5
12,21417,4,-6
12,19796,4,-6
12,9740,-1,-5
12,13887,-1,-4
12,13977,-1,-5
12,18012,5,0
12,20273,6,2
12,18287,7,3
12,8986,2,3
12,12313,2,3
12,12749,2,3
12,17879,6,1
12,19658,6,-0
12,18459,5,-2
12,7442,-2,-4
12,10339,-2,-4
12,11439,-3,-5
12,16903,1,-4
12,17873,2,-3
12,17030,3,-2
1,7259,-1,-6
1,9973,-1,-6
1,9411,-1,-6
1,12033,4,-4
1,12716,5,-2
1,10187,6,-2
1,7878,2,2
1,11171,2,2
1,10873,1,2
1,13410,6,2
1,14139,6,1
1,12587,6,0
1,8280,4,2
1,11929,4,3
1,11601,4,3
1,19549,7,1
1,21515,7,1
1,17986,6,0
1,9807,-3,-7
1,13214,-3,-8
1,12656,-3,-7
1,19158,3,-4
1,20687,2,-4
1,20666,3,-3
1,10129,3,1
1,13286,3,1
1,11227,3,0
1,14243,7,4
1,17497,7,4
1,13573,7,3
1,10733,3,0
1,14724,3,0
1,13055,4,1
1,22763,6,-1
1,23959,6,-1
1,19604,7,0
1,11220,13,10
1,15868,13,10
1,13034,14,10
1,17618,10,4
1,18934,9,3
1,15793,9,2
1,11442,6,-7
1,15634,6,-7
1,13586,6,-8
1,18703,7,-3
1,20409,7,-2
1,18718,7,-2
1,9559,6,0
1,12488,6,-0
1,11341,5,-1
1,17476,9,3
1,20184,10,3
1,19422,9,2
1,11440,-3,1
1,16482,-3,1
1,15956,-3,2
1,18985,-1,1
1,20977,-1,1
1,16817,-2,1
1,21416,-5,-4
1,23979,-4,-3
1,21074,-4,-3
1,16846,-5,2
1,20501,-2,3
1,23644,-1,4
1,21023,0,4
1,10712,0,6
1,14499,0,6
1,13174,0,5
1,19186,-1,1
1,22808,-2,-1
1,23732,-2,-2
1,11167,-3,2
1,16331,-3,2
1,14694,-4,2
1,16127,1,3
1,16852,2,3
1,14585,3,3
1,11827,1,4
1,16482,2,5
1,15051,2,6
1,18557,3,2
1,20111,3,1
1,17150,4,1
1,12574,4,3
1,17777,3,2
1,15369,3,1
1,20040,6,3
1,22439,6,3
1,19599,6,2
1,12976,9,6
1,18890,10,7
1,17173,11,7
1,19639,14,9
1,22409,14,8
1,19402,14,8
1,11098,6,-3
1,15486,6,-4
1,13338,6,-5
1,18617,7,-8
1,21855,6,-8
1,22202,6,-8
1,10349,3,-2
1,14033,3,-2
1,12523,3,-1
1,15290,4,1
1,16688,4,1
1,14327,4,0
1,11477,2,-1
1,16369,2,-1
1,14528,2,-2
1,18083,3,-1
1,20650,3,-2
1,18660,3,-1
1,12067,2,0
1,17071,1,-1
1,15162,2,0
1,18794,4,1
1,20694,4,1
1,18052,4,1
2,11808,4,2
2,16858,3,2
2,14977,3,2
2,18895,6,2
2,22018,7,3
2,19226,7,3
2,10481,5,1
2,14481,6,3
2,15313,6,3
2,18893,6,-0
2,21797,6,-1
2,22478,6,-1
2,10878,1,1
2,15746,1,1
2,13284,1,1
2,16103,6,-1
2,17980,6,-2
2,14435,7,-0
2,12169,-1,-2
2,17761,-1,-2
2,15672,-2,-2
2,18552,4,-2
2,20845,4,-2
2,17207,5,-2
2,12203,1,2
2,17274,1,2
2,15172,1,2
2,18210,8,4
2,21399,8,3
2,18320,8,3
2,12087,4,3
2,16812,4,3
2,14796,4,3
2,19548,11,3
2,23252,11,3
2,20642,11,3
2,10293,6,2
2,13862,7,3
2,13007,7,3
2,19055,12,1
2,23100,12,1
2,23275,11,0
2,10685,4,-7
2,14973,4,-6
2,13331,3,-6
2,16553,7,-1
2,18329,8,0
2,15078,8,-1
2,9156,2,-2
2,13128,1,-3
2,11961,1,-2
2,14750,2,-6
2,18166,3,-6
2,15464,4,-4
2,12811,2,-1
2,18692,1,0
2,17346,1,-1
2,21806,1,-1
2,25305,2,-1
2,26273,2,-2
2,11827,-2,-4
2,17132,-2,-3
2,16554,-2,-3
2,19678,3,2
2,23207,4,2
2,20594,3,2
2,9617,3,6
2,13227,4,6
2,12909,4,6
2,16570,5,2
2,20100,6,2
2,20822,6,2
2,10337,-2,-3
2,16024,-3,-4
2,14567,-3,-4
2,16599,3,-1
2,19834,4,-1
2,16410,4,-1
2,11128,0,2
2,16684,0,3
2,14999,-1,2
2,18142,4,1
2,20973,5,1
2,18555,6,2
2,11270,2,2
2,16262,2,2
2,14984,2,2
2,20076,7,3
2,21988,6,1
2,20968,6,-0
2,9479,6,4
2,12403,6,4
2,12277,6,4
2,17525,8,1
2,21030,8,2
2,21975,8,3
2,10609,2,6
2,14419,2,7
2,12476,3,7
2,13573,9,6
2,15921,12,8
2,13139,12,8
2,11864,6,4
2,16310,6,3
2,14370,5,2
2,19296,12,3
2,28169,12,0
2,26690,12,0
2,12735,11,5
2,18312,11,5
2,16017,11,6
2,20426,13,2
2,21045,15,3
2,17449,14,2
2,12181,1,-10
2,17244,0,-11
2,16789,0,-11
2,20267,5,-8
2,23892,5,-10
2,21425,4,-10
3,10164,-1,-2
3,13951,-1,-1
3,12794,-1,-1
3,19318,8,3
3,22731,8,3
3,22831,7,2
3,10244,11,2
3,14270,11,1
3,12931,10,1
3,15854,14,-4
3,17160,14,-5
3,14630,14,-4
3,14237,7,-3
3,21026,7,-4
3,20273,7,-3
3,19630,7,-8
3,21388,7,-8
3,16842,7,-8
3,12026,9,2
3,16668,9,2
3,15125,9,2
3,25328,11,4
3,28184,11,4
3,26720,11,4
3,11842,11,2
3,16497,10,1
3,15035,10,1
3,19712,12,2
3,23015,12,2
3,20290,12,1
3,9845,6,-5
3,13292,6,-4
3,12344,5,-5
3,18629,12,0
3,22352,13,1
3,22484,13,2
3,11155,3,-6
3,16391,3,-6
3,14190,3,-4
3,15409,10,1
3,16511,11,3
3,14419,11,4
3,11931,7,4
3,16871,7,4
3,15023,7,4
3,16744,18,8
3,18639,19,8
3,16234,19,8
3,11984,11,4
3,17012,11,3
3,15147,11,4
3,17906,16,-2
3,19896,16,-3
3,18695,16,-3
3,12209,9,-2
3,16855,8,-2
3,15444,8,-3
3,19692,22,6
3,21492,23,7
3,20047,23,7
3,10195,16,7
3,14131,16,8
3,13321,16,8
3,18727,21,-1
3,20731,22,-1
3,21182,21,-2
3,9511,8,-3
3,13148,8,-3
3,12229,7,-4
3,14197,9,-8
3,15135,9,-7
3,13972,9,-7
3,11062,2,-6
3,16104,2,-6
3,15493,2,-5
3,17075,8,-1
3,18811,8,-1
3,16836,9,-0
3,10973,7,4
3,16161,7,4
3,14957,7,4
3,21268,12,3
3,19702,13,4
3,18270,13,4
3,11466,-1,-7
3,17043,-1,-7
3,16371,-1,-8
3,18582,6,-6
3,20935,5,-8
3,19480,6,-8
3,9271,-1,-1
3,12895,-2,-1
3,12521,-2,-1
3,18288,7,1
3,20561,7,2
3,22002,4,-1
3,9708,2,2
3,13607,2,2
3,12886,2,2
3,14215,9,2
3,15150,10,2
3,13942,11,2
3,10696,4,2
3,15538,4,2
3,14737,4,2
3,17187,10,1
3,19015,12,2
3,16506,11,0
3,11233,6,2
3,16459,6,2
3,15526,6,2
3,20572,11,1
3,23313,10,-2
3,18336,11,0
3,11470,9,3
3,16886,9,3
3,16932,9,4
3,17775,9,-2
3,19710,9,-1
3,19508,9,-2
4,9372,12,2
4,13424,11,2
4,13616,11,2
4,14765,11,-4
4,15538,11,-5
4,13704,12,-4
4,13128,11,-1
4,18847,9,-2
4,16857,9,-2
4,23034,8,-3
4,24155,8,-3
4,21339,8,-4
4,13473,7,-4
4,20644,7,-3
4,20957,6,-3
4,26172,6,-2
4,28253,6,-2
4,24186,6,-2
4,11880,4,-2
4,16956,3,-4
4,16675,3,-3
4,19971,8,3
4,22793,9,3
4,20800,11,6
4,10207,4,-1
4,13994,4,2
4,13525,4,2
4,19057,9,1
4,21582,9,0
4,22167,9,-2
4,10406,8,1
4,13883,7,0
4,12262,6,0
4,14908,19,4
4,17450,19,4
4,13908,17,2
4,11306,15,7
4,15691,14,7
4,14088,13,7
4,17351,26,6
4,18663,26,7
4,16775,26,8
4,10519,12,-3
4,15230,12,-2
4,15815,12,-2
4,17946,17,-8
4,19861,19,-7
4,17564,17,-8
4,11706,11,-2
4,17193,11,-2
4,16974,11,-1
4,20758,16,-2
4,23422,16,-3
4,24100,16,-2
4,10063,16,5
4,13673,15,4
4,13208,15,4
4,18073,14,-1
4,20938,16,0
4,21707,17,1
4,10294,17,7
4,13582,17,7
4,12328,16,7
4,15590,27,10
4,16311,27,5
4,13349,27,4
4,11418,13,-3
4,16071,13,-4
4,14285,13,-3
4,17222,22,-5
4,19026,23,-4
4,15751,23,-4
4,11874,13,0
4,16524,12,-1
4,14959,12,-1
4,20513,14,-7
4,22165,14,-8
4,19040,13,-10
4,12158,9,-4
4,17096,9,-2
4,17518,9,-3
4,21004,8,-6
4,24343,8,-6
4,20683,8,-5
4,9998,8,-1
4,13259,8,-2
4,12815,8,-1
4,18894,14,6
4,21684,14,6
4,22266,13,5
4,9185,7,0
4,12307,6,0
4,11343,6,0
4,14638,16,5
4,14637,17,6
4,11930,17,6
4,9112,8,2
4,13330,8,2
4,13436,8,2
4,17150,18,2
4,17742,17,0
4,14957,15,-2
4,12049,11,2
4,16088,11,3
4,14548,11,3
4,17034,23,5
4,18583,18,1
4,16120,22,7
4,11613,7,-3
4,16507,7,-4
4,14854,6,-5
4,18192,14,-9
4,20458,15,-3
4,18498,14,-8
4,9060,7,-0
4,12177,6,-1
4,11651,6,0
4,18113,15,1
4,21238,17,2
4,21186,17,3
4,9661,19,8
4,13109,19,8
4,11726,19,7
4,17416,29,6
4,17390,30,5
4,13762,26,0
4,11771,15,-4
4,15819,14,-5
4,14625,13,-6
4,18365,17,-12
4,20776,18,-12
4,16561,17,-9
5,11863,12,-3
5,16771,12,-2
5,14904,12,-1
5,19379,26,8
5,21392,26,7
5,18242,23,6
5,11954,12,0
5,17324,12,-0
5,16058,12,0
5,19907,26,0
5,22670,24,-1
5,19324,25,2
5,10163,14,3
5,13797,14,2
5,13326,13,1
5,18581,17,-9
5,22187,17,-7
5,22249,17,-8
5,10601,12,2
5,14648,12,2
5,12884,12,2
5,16649,21,10
5,17554,22,11
5,14110,23,12
5,11690,18,6
5,16013,17,5
5,14272,16,3
5,18305,25,4
5,20222,26,4
5,16076,27,4
5,13174,20,2
5,19438,19,2
5,16001,19,4
5,19828,27,2
5,22257,28,2
5,18094,28,2
5,12199,19,-1
5,16688,18,-2
5,15415,17,-2
5,19911,19,-8
5,23106,19,-9
5,20442,20,-8
5,11207,11,-8
5,15838,11,-7
5,15520,10,-7
5,19461,11,-8
5,23148,11,-8
5,25899,11,-9
5,10260,9,-1
5,14016,10,0
5,13443,10,0
5,18112,17,6
5,19207,17,5
5,15332,18,6
5,12289,14,4
5,16586,13,3
5,15694,13,3
5,19211,21,3
5,22420,22,5
5,23542,21,3
5,13726,16,2
5,19391,16,2
5,19250,15,2
5,22141,18,-3
5,23616,17,-6
5,21134,17,-4
5,12901,15,-1
5,17438,15,-1
5,17958,15,0
5,20528,18,0
5,24296,18,1
5,20385,17,0
5,9980,16,1
5,13522,15,0
5,13326,15,0
5,18289,21,3
5,21885,21,3
5,21488,21,4
5,9694,13,-2
5,13390,13,-2
5,12738,13,-2
5,16125,22,-1
5,17149,22,-1
5,14554,21,-2
5,11194,15,2
5,15608,14,1
5,14209,14,1
5,19096,28,6
5,21040,28,6
5,17095,26,5
5,11490,20,5
5,16209,20,6
5,15106,19,5
5,19024,28,0
5,21088,27,-1
5,17913,26,0
5,11493,22,2
5,16143,22,2
5,18698,22,2
5,17853,24,-4
5,19514,24,-2
5,16509,25,-1
5,8786,21,-1
5,11350,21,-1
5,13052,21,-1
5,15449,28,4
5,16296,28,3
5,15604,28,3
5,9993,20,1
5,13751,21,1
5,12338,21,1
5,15752,24,3
5,16898,25,5
5,13983,26,5
5,11019,17,-3
5,15525,17,-4
5,13754,17,-4
5,17459,22,-2
5,18987,22,-3
5,16399,24,-2
5,11387,16,-2
5,15797,14,-2
5,14489,14,-2
5,18379,21,-1
5,20225,21,-1
5,17835,20,-4
5,9725,17,1
5,12704,16,2
5,11929,15,1
5,17351,23,2
5,19378,23,2
5,19285,23,3
6,10380,23,3
6,14570,22,2
6,12789,22,2
6,17303,29,3
6,18772,30,4
6,14972,29,4
6,11802,22,-1
6,16750,21,-1
6,15363,21,-2
6,19212,24,-5
6,20977,26,-4
6,17312,26,-3
6,12570,19,-3
6,18061,19,-2
6,15933,18,-2
6,19852,24,0
6,22239,25,-1
6,19321,25,-1
6,12914,21,1
6,18013,21,2
6,16565,21,3
6,20384,27,3
6,22780,24,-1
6,19948,24,-1
6,9998,19,-1
6,13498,19,-1
6,13068,20,-1
6,18638,27,0
6,20730,27,3
6,20402,26,2
6,9555,18,-3
6,14028,17,-3
6,12514,17,-4
6,16012,23,1
6,17384,22,0
6,14888,22,-1
6,11404,17,-1
6,16305,16,-1
6,14698,16,-1
6,18559,20,-3
6,20637,20,-2
6,17890,22,0
6,11528,19,2
6,16346,17,1
6,15033,17,1
6,19338,22,2
6,21381,23,3
6,18082,23,1
6,11377,19,0
6,16655,19,2
6,15292,18,2
6,20252,28,6
6,22621,27,4
6,19290,27,4
6,9163,21,2
6,13035,21,2
6,12854,21,2
6,17866,29,1
6,24482,28,1
6,26293,29,2
6,8394,18,-1
6,12893,19,1
6,12035,19,2
6,14966,28,3
6,16496,28,6
6,13396,27,4
6,10385,22,4
6,15571,22,3
6,15025,22,3
6,17628,29,2
6,20337,29,1
6,17630,29,2
6,10426,23,0
6,15730,23,1
6,15231,23,0
6,8479,26,3
6,12577,25,2
6,12767,25,2
6,9185,26,3
6,14536,26,3
6,14496,26,3
6,15728,26,-7
6,17236,25,-7
6,14781,24,-7
6,10500,22,-4
6,16275,21,-5
6,16018,21,-6
